Date,Challenge,Score,Notes
07-17-2020,Close Fast Strafes Easy Invincible,5868,
07-17-2020,Close Fast Strafes Easy Invincible,6138,
07-17-2020,Ascended Tracking 90 Small,6049.3,
07-17-2020,Ascended Tracking 90 Small,6739.8,
07-17-2020,Ascended Tracking 90 Small,6250.7,
07-17-2020,Thin Aiming Long,1167,
07-17-2020,Thin Aiming Long,1128,
07-17-2020,Thin Aiming Long,1229,
07-17-2020,Thin Aiming Long,1227,
07-17-2020,air far long strafes,3044,
07-17-2020,air far long strafes,3091,
07-17-2020,air far long strafes,3290,
07-17-2020,air far long strafes,3130,
07-17-2020,1 wall6targets TE,121.6,
07-17-2020,1wall6targets TE,122.5,
07-17-2020,1wall6targets TE,119.5,
07-17-2020,Tile Frenzy,93.2,
07-17-2020,Tile Frenzy,99.7,
07-17-2020,Tile Frenzy,97.6,
07-17-2020,Tile Frenzy,100.8,
07-17-2020,Reflex Flick - Easy,2934.8,
07-17-2020,Reflex Flick - Easy,3693.8,
07-17-2020,Reflex Flick - Easy,2801.5,
07-17-2020,Tile Frenzy Mini,78.8,
07-17-2020,Tile Frenzy Mini,83.3,
07-17-2020,Tile Frenzy Mini,84,
07-17-2020,Tile Frenzy Mini,82.5,
07-17-2020,Tile Frenzy Strafing - 01,78.2,
07-17-2020,Tile Frenzy Strafing - 01,60.5,
07-17-2020,Tile Frenzy Strafing - 01,66,
07-17-2020,Tile Frenzy Strafing - 01,73.5,
07-17-2020,1 wall 6 targets small 5 minutes,3253.2,
07-17-2020,Ascended Tracking 90,7350.5,
07-17-2020,Ascended Tracking 90,7423.7,
07-17-2020,Bounce 180,30.1,
07-17-2020,Bounce 180,27.3,
07-17-2020,Apex Legends Tracking by Aveeux,13095,
07-17-2020,Apex Legends Tracking by Aveeux,13095,
07-17-2020,Wide Wall 6Targets,71.5,
07-17-2020,Wide Wall 6Targets,80.7,
07-17-2020,Popcorn Goated Tracking,386,
07-17-2020,Popcorn Goated Tracking,421,
07-17-2020,Reflex Flick - Easy,3663.4,
07-17-2020,Reflex Flick - Easy,3158.2,
07-18-2020,1wall6targets TE,87.5,
07-18-2020,1wall6targets TE,112.1,
07-18-2020,1wall5targets_pasu,33.3,
07-18-2020,1wall5targets_pasu,36.8,
07-18-2020,1wall5targets_pasu,43.8,
07-18-2020,1wall 6targets small,544.5,
07-18-2020,1wall 6targets small,529.2,
07-18-2020,1wall 1target,83.8,
07-18-2020,1wall 1target,83.3,
07-18-2020,Tile Frenzy 180,98.5,
07-18-2020,Tile Frenzy 180,99.4,
07-18-2020,Tile Frenzy 180,105,
07-18-2020,Tile Frenzy - Strafing - 03,49,
07-18-2020,Tile Frenzy - Strafing - 03,58.6,
07-18-2020,Tile Frenzy - Strafing - 03,65.6,
07-18-2020,1 wall 6 targets small 5 minutes,3091.1,
07-18-2020,Ascended Tracking 90,6374.9,
07-18-2020,Ascended Tracking 90,5681.2,
07-18-2020,Bounce 180,35.4,
07-18-2020,Bounce 180,22.7,
07-18-2020,Apex Legends Tracking by Aveeux,13230,
07-18-2020,Apex Legends Tracking by Aveeux,12825,
07-18-2020,Wide Wall 6Targets,62.1,
07-18-2020,Wide Wall 6Targets,73.1,
07-18-2020,Popcorn Goated Tracking,428,
07-18-2020,Popcorn Goated Tracking,409,
07-18-2020,Reflex Flick - Easy,4260.6,
07-18-2020,Reflex Flick - Easy,3530.9,
07-19-2020,Tile Frenzy Flick,1608,
07-19-2020,Tile Frenzy Flick,1710,
07-19-2020,Tile Frenzy Flick,1656,
07-19-2020,patTargetSwitch easy,5290,
07-19-2020,patTargetSwitch easy,5480,
07-19-2020,patTargetSwitch easy,5520,
07-19-2020,Target Switching 360,10657,
07-19-2020,Target Switching 360,10054,
07-19-2020,Target Switching 360,10596,
07-19-2020,Bounce 180 Tracking Large,35,
07-19-2020,Bounce 180 Tracking Large,37,
07-19-2020,Bounce 180 Tracking Large,34,
07-19-2020,Popcorn Goated Tracking Easy Invincible,708,
07-19-2020,Popcorn Goated Tracking Easy Invincible,768,
07-19-2020,Popcorn Goated Tracking Easy Invincible,778,
07-19-2020,1 wall 6 targets small 5 minutes,3135.7,
07-19-2020,Ascended Tracking 90,5696.7,
07-19-2020,Ascended Tracking 90,7155,
07-19-2020,Bounce 180,24.1,
07-19-2020,Bounce 180,32.1,
07-19-2020,Apex Legends Tracking by Aveeux,14310,
07-19-2020,Apex Legends Tracking by Aveeux,14040,
07-19-2020,Wide Wall 6Targets,76.5,
07-19-2020,Wide Wall 6Targets,82.8,
07-19-2020,Popcorn Goated Tracking,540,
07-19-2020,Popcorn Goated Tracking,361,
07-19-2020,Reflex Flick - Easy,3530.9,
07-19-2020,Reflex Flick - Easy,3521.1,
07-20-2020,1wall6targets TE,92.4,
07-20-2020,1wall6targets TE,102.3,
07-20-2020,1wall5targets_pasu,29.8,
07-20-2020,1wall5targets_pasu,43.1,
07-20-2020,1wall5targets_pasu,42.8,
07-20-2020,1wall 6targets small,543.7,
07-20-2020,1wall 6targets small,565.7,
07-20-2020,1wall 1target,77.2,
07-20-2020,1wall 1target,89.1,
07-20-2020,Tile Frenzy 180,97.8,
07-20-2020,Tile Frenzy 180,117.5,
07-20-2020,Tile Frenzy 180,101.7,
07-20-2020,Tile Frenzy - Strafing - 03,52.8,
07-20-2020,Tile Frenzy - Strafing - 03,59,
07-20-2020,Tile Frenzy - Strafing - 03,70.9,
07-20-2020,1 wall 6 targets small 5 minutes,2907,
07-20-2020,Ascended Tracking 90,6886.9,
07-20-2020,Ascended Tracking 90,6156.6,
07-20-2020,Bounce 180,27.8,
07-20-2020,Bounce 180,27.8,
07-20-2020,Apex Legends Tracking by Aveeux,14040,
07-20-2020,Apex Legends Tracking by Aveeux,14445,
07-20-2020,Wide Wall 6Targets,72.5,
07-20-2020,Wide Wall 6Targets,88.3,
07-20-2020,Popcorn Goated Tracking,393,
07-20-2020,Popcorn Goated Tracking,451,
07-20-2020,Reflex Flick - Easy,3248.5,
07-20-2020,Reflex Flick - Easy,3339.1,
07-21-2020,gp 1 invincible,3717.6,
07-21-2020,gp 1 invincible,3599,
07-21-2020,gp 1 invincible,3938,
07-21-2020,Close Fast Strafes Easy Invincible,6876,
07-21-2020,Close Fast Strafes Easy Invincible,6282,
07-21-2020,Close Fast Strafes Easy Invincible,6894,
07-21-2020,Ascended Tracking 90 Small,6441.1,
07-21-2020,Ascended Tracking 90 Small,6827,
07-21-2020,Ascended Tracking 90 Small,6834.8,
07-21-2020,Thin Aiming Long,1200,
07-21-2020,Thin Aiming Long,1200,
07-21-2020,Thin Aiming Long,1200,
07-21-2020,Thin Aiming Long,1223,
07-21-2020,air far long strafes,2997,
07-21-2020,air far long strafes,3075,
07-21-2020,air far long strafes,3146,
07-21-2020,air far long strafes,3004,
07-21-2020,1 wall 6 targets small 5 minutes,3046.5,
07-21-2020,Ascended Tracking 90,6340.6,
07-21-2020,Ascended Tracking 90,6837.5,
07-21-2020,Bounce 180,24.9,
07-21-2020,Bounce 180,21.1,
07-21-2020,Apex Legends Tracking by Aveeux,12825,
07-21-2020,Apex Legends Tracking by Aveeux,13365,
07-21-2020,Wide Wall 6Targets,70.8,
07-21-2020,Wide Wall 6Targets,86.5,
07-21-2020,Popcorn Goated Tracking,540,
07-21-2020,Popcorn Goated Tracking,388,
07-21-2020,Reflex Flick - Easy,2805.8,
07-21-2020,Reflex Flick - Easy,3623.2,
07-22-2020,Tile Frenzy Flick,1872,
07-22-2020,Tile Frenzy Flick,1686,
07-22-2020,Tile Frenzy Flick,1854,
07-22-2020,patTargetSwitch easy,5760,
07-22-2020,patTargetSwitch easy,5860,
07-22-2020,patTargetSwitch easy,5450,
07-22-2020,Target Switching 360,9888,
07-22-2020,Target Switching 360,10212,
07-22-2020,Target Switching 360,10815,
07-22-2020,Bounce 180 Tracking Large,38,
07-22-2020,Bounce 180 Tracking Large,35,
07-22-2020,Bounce 180 Tracking Large,39,
07-22-2020,Popcorn Goated Tracking Easy Invincible,825,
07-22-2020,Popcorn Goated Tracking Easy Invincible,996,
07-22-2020,Popcorn Goated Tracking Easy Invincible,747,
07-22-2020,1 wall 6 targets small 5 minutes,3001.7,
07-22-2020,Ascended Tracking 90,6031.6,
07-22-2020,Ascended Tracking 90,7220.2,
07-22-2020,Bounce 180,32.2,
07-22-2020,Bounce 180,45.8,
07-22-2020,Apex Legends Tracking by Aveeux,14445,
07-22-2020,Apex Legends Tracking by Aveeux,13500,
07-22-2020,Wide Wall 6Targets,79.4,
07-22-2020,Wide Wall 6Targets,74.7,
07-22-2020,Popcorn Goated Tracking,480,
07-22-2020,Popcorn Goated Tracking,360,
07-22-2020,Reflex Flick - Easy,3068.1,
07-22-2020,Reflex Flick - Easy,3956.3,
07-23-2020,1wall6targets TE,107.5,
07-23-2020,1wall6targets TE,112.6,
07-23-2020,1wall6targets TE,102.9,
07-23-2020,Tile Frenzy,96.1,
07-23-2020,Tile Frenzy,81.1,
07-23-2020,Tile Frenzy,89.8,
07-23-2020,Reflex Flick - Easy,2801.5,
07-23-2020,Reflex Flick - Easy,3430,
07-23-2020,Reflex Flick - Easy,3158.2,
07-23-2020,Tile Frenzy Mini,81.1,
07-23-2020,Tile Frenzy Mini,88.5,
07-23-2020,Tile Frenzy Mini,84,
07-23-2020,Tile Frenzy Mini,85.2,
07-23-2020,Tile Frenzy Strafing - 01,68.8,
07-23-2020,Tile Frenzy Strafing - 01,67.6,
07-23-2020,Tile Frenzy Strafing - 01,71,
07-23-2020,Tile Frenzy Strafing - 01,67.5,
07-31-2020,1wall6targets TE,102.2,
07-31-2020,1wall6targets TE,114.6,
07-31-2020,1wall6targets TE,111.8,
07-31-2020,Tile Frenzy,95.1,
07-31-2020,Tile Frenzy,75.7,
07-31-2020,Tile Frenzy,95.2,
07-31-2020,Tile Frenzy,82.6,
07-31-2020,Reflex Flick - Easy,2556.5,
07-31-2020,Reflex Flick - Easy,3715.7,
07-31-2020,Reflex Flick - Easy,3676.5,
07-31-2020,Tile Frenzy Mini,99.3,
07-31-2020,Tile Frenzy Mini,88.3,
07-31-2020,Tile Frenzy Mini,94.7,
07-31-2020,Tile Frenzy Mini,78.9,
07-31-2020,Tile Frenzy Strafing - 01,64.2,
07-31-2020,Tile Frenzy Strafing - 01,64.4,
07-31-2020,Tile Frenzy Strafing - 01,71.8,
07-31-2020,Tile Frenzy Strafing - 01,82,
07-31-2020,1 wall 6 targets small 5 minutes,2904.3,
07-31-2020,Ascended Tracking 90,5266.5,
07-31-2020,Ascended Tracking 90,6313.7,
07-31-2020,Bounce 180,29.8,
07-31-2020,Bounce 180,34.1,
07-31-2020,Apex Legends Tracking by Aveeux,12690,
07-31-2020,Apex Legends Tracking by Aveeux,13365,
07-31-2020,Wide Wall 6Targets,73.5,
07-31-2020,Wide Wall 6Targets,81.7,
07-31-2020,Popcorn Goated Tracking,408,
07-31-2020,Popcorn Goated Tracking,455,
07-31-2020,Reflex Flick - Easy,2594.1,
07-31-2020,Reflex Flick - Easy,2765.7,
08-01-2020,Cata IC Long Strafes,2906.2,
08-01-2020,Cata IC Long Strafes,3140.2,
08-01-2020,Cata IC Long Strafes,2809.1,
08-01-2020,gp far long strafes,3918.4,
08-01-2020,gp far long strafes,4026.7,
08-01-2020,gp far long strafes,4116.6,
08-01-2020,Ascended Tracking 90,5714.9,
08-01-2020,Ascended Tracking 90,5355.2,
08-01-2020,Ascended Tracking 90,6076.6,
08-01-2020,Vertical Long Strafes,9630,
08-01-2020,Vertical Long Strafes,9378,
08-01-2020,Vertical Long Strafes,9234,
08-01-2020,fuglaaXYLongstrafes,325,
08-01-2020,fuglaaXYLongstrafes,383,
08-01-2020,fuglaaXYLongstrafes,327,
08-01-2020,1 wall 6 targets small 5 minutes,3155.9,
08-01-2020,Ascended Tracking 90,6135.1,
08-01-2020,Ascended Tracking 90,5809,
08-01-2020,Bounce 180,22.3,
08-01-2020,Bounce 180,38.9,
08-01-2020,Apex Legends Tracking by Aveeux,13095,
08-01-2020,Apex Legends Tracking by Aveeux,12960,
08-01-2020,Wide Wall 6Targets,71.5,
08-01-2020,Wide Wall 6Targets,79,
08-01-2020,Popcorn Goated Tracking,363,
08-01-2020,Popcorn Goated Tracking,360,
08-01-2020,Reflex Flick - Easy,2547,
08-01-2020,Reflex Flick - Easy,3428.8,
08-02-2020,1wall6targets TE,109.1,
08-02-2020,1wall6targets TE,105.7,
08-02-2020,1wall5targets_pasu,45.6,
08-02-2020,1wall5targets_pasu,35.6,
08-02-2020,1wall5targets_pasu,35.8,
08-02-2020,1wall 6targets small,509.7,
08-02-2020,1wall 6targets small,659.8,
08-02-2020,1wall 1target,82,
08-02-2020,1wall 1target,85,
08-02-2020,Tile Frenzy 180,108.9,
08-02-2020,Tile Frenzy 180,109.8,
08-02-2020,Tile Frenzy 180,102.7,
08-02-2020,Tile Frenzy - Strafing - 03,57.6,
08-02-2020,Tile Frenzy - Strafing - 03,56.3,
08-02-2020,Tile Frenzy - Strafing - 03,61.8,
08-02-2020,1 wall 6 targets small 5 minutes,2966.4,
08-02-2020,Ascended Tracking 90,5929.2,
08-02-2020,Ascended Tracking 90,7044.1,
08-02-2020,Bounce 180,36.1,
08-02-2020,Bounce 180,30.4,
08-02-2020,Apex Legends Tracking by Aveeux,14715,
08-02-2020,Apex Legends Tracking by Aveeux,12825,
08-02-2020,Wide Wall 6Targets,73.5,
08-02-2020,Wide Wall 6Targets,81,
08-02-2020,Popcorn Goated Tracking,390,
08-02-2020,Popcorn Goated Tracking,368,
08-02-2020,Reflex Flick - Easy,3976.5,
08-02-2020,Reflex Flick - Easy,3571.4,
08-03-2020,gp 1 invincible,3824.5,
08-03-2020,gp 1 invincible,3821.9,
08-03-2020,gp 1 invincible,3795.9,
08-03-2020,Close Fast Strafes Easy Invincible,6246,
08-03-2020,Close Fast Strafes Easy Invincible,6156,
08-03-2020,Close Fast Strafes Easy Invincible,5724,
08-03-2020,Ascended Tracking 90 Small,6362.9,
08-03-2020,Ascended Tracking 90 Small,7253.5,
08-03-2020,Ascended Tracking 90 Small,7284.4,
08-03-2020,Thin Aiming Long,1144,
08-03-2020,Thin Aiming Long,1305,
08-03-2020,Thin Aiming Long,1399,
08-03-2020,Thin Aiming Long,1400,
08-03-2020,air far long strafes,2914,
08-03-2020,air far long strafes,2992,
08-03-2020,air far long strafes,2660,
08-03-2020,air far long strafes,2722,
08-03-2020,1 wall 6 targets small 5 minutes,3088.3,
08-03-2020,Ascended Tracking 90,6273.9,
08-03-2020,Ascended Tracking 90,5950.5,
08-03-2020,Bounce 180,31.9,
08-03-2020,Bounce 180,30.6,
08-03-2020,Apex Legends Tracking by Aveeux,12825,
08-03-2020,Apex Legends Tracking by Aveeux,13500,
08-03-2020,Wide Wall 6Targets,76.5,
08-03-2020,Wide Wall 6Targets,78,
08-03-2020,Popcorn Goated Tracking,377,
08-03-2020,Popcorn Goated Tracking,351,
08-03-2020,Reflex Flick - Easy,3583,
08-03-2020,Reflex Flick - Easy,2472.1,
08-04-2020,Tile Frenzy Flick,1620,
08-04-2020,Tile Frenzy Flick,1800,
08-04-2020,Tile Frenzy Flick,1842,
08-04-2020,patTargetSwitch easy,5840,
08-04-2020,patTargetSwitch easy,5870,
08-04-2020,patTargetSwitch easy,6020,
08-04-2020,Target Switching 360,10822,
08-04-2020,Target Switching 360,11197,
08-04-2020,Target Switching 360,11415,
08-04-2020,Bounce 180 Tracking Large,34,
08-04-2020,Bounce 180 Tracking Large,40,
08-04-2020,Bounce 180 Tracking Large,33,
08-04-2020,Popcorn Goated Tracking Easy Invincible,815,
08-04-2020,Popcorn Goated Tracking Easy Invincible,656,
08-04-2020,Popcorn Goated Tracking Easy Invincible,791,
08-04-2020,1 wall 6 targets small 5 minutes,3093,
08-04-2020,Ascended Tracking 90,7395.8,
08-04-2020,Ascended Tracking 90,5450.4,
08-04-2020,Bounce 180,30,
08-04-2020,Bounce 180,28.8,
08-04-2020,Apex Legends Tracking by Aveeux,14715,
08-04-2020,Apex Legends Tracking by Aveeux,12555,
08-04-2020,Wide Wall 6Targets,86.2,
08-04-2020,Wide Wall 6Targets,76.5,
08-04-2020,Popcorn Goated Tracking,420,
08-04-2020,Popcorn Goated Tracking,431,
08-04-2020,Reflex Flick - Easy,4355.6,
08-04-2020,Reflex Flick - Easy,4165.7,
08-05-2020,1wall6targets TE,104.3,
08-05-2020,1wall6targets TE,105.3,
08-05-2020,1wall5targets_pasu,32.5,
08-05-2020,1wall5targets_pasu,35.1,
08-05-2020,1wall5targets_pasu,38.6,
08-05-2020,1wall 6targets small,570.9,
08-05-2020,1wall 6targets small,625,
08-05-2020,1wall 1target,78.9,
08-05-2020,1wall 1target,84,
08-05-2020,Tile Frenzy 180,114.4,
08-05-2020,Tile Frenzy 180,125.3,
08-05-2020,Tile Frenzy 180,99.9,
08-05-2020,Tile Frenzy - Strafing - 03,51.4,
08-05-2020,Tile Frenzy - Strafing - 03,55.1,
08-05-2020,Tile Frenzy - Strafing - 03,52.3,
08-05-2020,1 wall 6 targets small 5 minutes,2861.4,
08-05-2020,Ascended Tracking 90,6160,
08-05-2020,Ascended Tracking 90,5558,
08-05-2020,Bounce 180,29.8,
08-05-2020,Bounce 180,31,
08-05-2020,Apex Legends Tracking by Aveeux,14175,
08-05-2020,Apex Legends Tracking by Aveeux,12555,
08-05-2020,Wide Wall 6Targets,71.3,
08-05-2020,Wide Wall 6Targets,82,
08-05-2020,Popcorn Goated Tracking,402,
08-05-2020,Popcorn Goated Tracking,392,
08-05-2020,Reflex Flick - Easy,3248.5,
08-05-2020,Reflex Flick - Easy,2594,
08-06-2020,gp 1 invincible,3765.9,
08-06-2020,gp 1 invincible,3794.5,
08-06-2020,gp 1 invincible,3778.9,
08-06-2020,Close Fast Strafes Easy Invincible,6750,
08-06-2020,Close Fast Strafes Easy Invincible,6354,
08-06-2020,Close Fast Strafes Easy Invincible,6066,
08-06-2020,Ascended Tracking 90 Small,5855.2,
08-06-2020,Ascended Tracking 90 Small,6188,
08-06-2020,Ascended Tracking 90 Small,6408.3,
08-06-2020,Thin Aiming Long,1142,
08-06-2020,Thin Aiming Long,1193,
08-06-2020,Thin Aiming Long,1200,
08-06-2020,Thin Aiming Long,1400,
08-06-2020,air far long strafes,3010,
08-06-2020,air far long strafes,3000,
08-06-2020,air far long strafes,3000,
08-06-2020,air far long strafes,3042,
08-06-2020,1 wall 6 targets small 5 minutes,3058.2,
08-06-2020,Ascended Tracking 90,7727.4,
08-06-2020,Ascended Tracking 90,6529.6,
08-06-2020,Bounce 180,23.7,
08-06-2020,Bounce 180,25.2,
08-06-2020,Apex Legends Tracking by Aveeux,13365,
08-06-2020,Apex Legends Tracking by Aveeux,13905,
08-06-2020,Wide Wall 6Targets,88.8,
08-06-2020,Wide Wall 6Targets,85.6,
08-06-2020,Popcorn Goated Tracking,393,
08-06-2020,Popcorn Goated Tracking,426,
08-06-2020,Reflex Flick - Easy,3918.8,
08-06-2020,Reflex Flick - Easy,3297,
08-08-2020,Tile Frenzy Flick,1620,
08-08-2020,Tile Frenzy Flick,1878,
08-08-2020,Tile Frenzy Flick,1896,
08-08-2020,patTargetSwitch easy,5760,
08-08-2020,patTargetSwitch easy,5870,
08-08-2020,patTargetSwitch easy,5720,
08-08-2020,Target Switching 360,11038,
08-08-2020,Target Switching 360,10378,
08-08-2020,Target Switching 360,10637,
08-08-2020,Bounce 180 Tracking Large,34,
08-08-2020,Bounce 180 Tracking Large,37,
08-08-2020,Bounce 180 Tracking Large,37,
08-08-2020,Popcorn Goated Tracking Easy Invincible,626,
08-08-2020,Popcorn Goated Tracking Easy Invincible,824,
08-08-2020,Popcorn Goated Tracking Easy Invincible,780,
08-08-2020,pasu small reload,26,
08-08-2020,pasu small reload,22,
08-08-2020,pasu small reload,27,
08-08-2020,pasu Dodge ES 180,19353.7,
08-08-2020,pasu Dodge ES 180,23858.8,
08-08-2020,pasu Dodge ES 180,23210.3,
08-08-2020,pasu Dodge ES 180,41354.4,
08-08-2020,POPCORN,50.9,
08-08-2020,POPCORN,63.9,
08-08-2020,POPCORN,282.9,
08-08-2020,POPCORN,141.4,
08-08-2020,Target Acquisition Flick,13,
08-08-2020,Target Acquisition Flick,14,
08-08-2020,Target Acquisition Flick,14,
08-08-2020,Bounce 180 Dodge,117000,
08-08-2020,Bounce 180 Dodge,141000,
08-08-2020,Bounce 180 Dodge,135000,
08-08-2020,Bounce 180 Dodge,129000,
08-08-2020,Ground Plaza,99746.2,
08-08-2020,Ground Plaza,99730.3,
08-08-2020,Air Dodge,9,
08-08-2020,Air Dodge,4.2,
08-08-2020,Pasu Dodge small Tracking Incincible,33099.8,
08-08-2020,Pasu Dodge small Tracking Incincible,28383.8,
08-08-2020,Pasu Dodge small Tracking Incincible,39099.8,
08-08-2020,Close Fast Strafes Invincible - Thin,3582,
08-08-2020,Close Fast Strafes Invincible - Thin,3456,
08-08-2020,Close Fast Strafes Invincible - Thin,4248,
08-08-2020,Vertical Fast Strafes Hard,3690,
08-08-2020,Vertical Fast Strafes Hard,3312,
08-08-2020,Vertical Fast Strafes Hard,4572,
08-08-2020,Adjust to track,8509.8,
08-08-2020,1 wall 6 targets small 5 minutes,3074.5,
08-08-2020,Wide Wall 6Targets,77,
08-08-2020,Thin Gauntlet,803.8,
08-08-2020,Popcorn Goated Tracking,482,
08-08-2020,Air Dodge,5.1,
08-08-2020,Vertical Hand Warmup,932.4,
08-08-2020,Apex Legends Tracking by Aveeux,13770,
08-09-2020,1wall6targets TE,111.9,
08-09-2020,1wall6targets TE,98.9,
08-09-2020,1wall6targets TE,120.5,
08-09-2020,Tile Frenzy,84.2,
08-09-2020,Tile Frenzy,93.6,
08-09-2020,Tile Frenzy,93.3,
08-09-2020,Tile Frenzy,93.9,
08-09-2020,Reflex Flick - Easy,2933.3,
08-09-2020,Reflex Flick - Easy,2847.1,
08-09-2020,Reflex Flick - Easy,3297,
08-09-2020,Tile Frenzy Mini,78.6,
08-09-2020,Tile Frenzy Mini,67.9,
08-09-2020,Tile Frenzy Mini,71.4,
08-09-2020,Tile Frenzy Mini,88.8,
08-09-2020,Tile Frenzy Strafing - 01,64.7,
08-09-2020,Tile Frenzy Strafing - 01,70.8,
08-09-2020,Tile Frenzy Strafing - 01,56.1,
08-09-2020,Tile Frenzy Strafing - 01,75.1,
08-09-2020,Cata IC Long Strafes,3161.8,
08-09-2020,Cata IC Long Strafes,3651.7,
08-09-2020,Cata IC Long Strafes,3443.7,
08-09-2020,gp far long strafes,4043.6,
08-09-2020,gp far long strafes,4076.2,
08-09-2020,gp far long strafes,3875.4,
08-09-2020,Ascended Tracking 90,5679.2,
08-09-2020,Ascended Tracking 90,7054,
08-09-2020,Vertical Long Strafes,11430,
08-09-2020,Vertical Long Strafes,11880,
08-09-2020,Vertical Long Strafes,9486,
08-09-2020,fuglaaXYLongstrafes,334,
08-09-2020,fuglaaXYLongstrafes,372,
08-09-2020,fuglaaXYLongstrafes,390,
08-09-2020,1 wall 6 targets small 5 minutes,2675.1,
08-09-2020,Ascended Tracking 90,6509.9,
08-09-2020,Ascended Tracking 90,5225.3,
08-09-2020,Bounce 180,33.6,
08-09-2020,Bounce 180,32.1,
08-09-2020,Apex Legends Tracking by Aveeux,12690,
08-09-2020,Apex Legends Tracking by Aveeux,11880,
08-09-2020,Wide Wall 6Targets,66.2,
08-09-2020,Wide Wall 6Targets,69.9,
08-09-2020,Popcorn Goated Tracking,347,
08-09-2020,Popcorn Goated Tracking,428,
08-09-2020,Reflex Flick - Easy,4097,
08-09-2020,Reflex Flick - Easy,3731.3,
08-10-2020,1wall6targets TE,97,
08-10-2020,1wall6targets TE,115.8,
08-10-2020,1wall5targets_pasu,43.8,
08-10-2020,1wall5targets_pasu,34.4,
08-10-2020,1wall5targets_pasu,47.8,
08-10-2020,1wall 6targets small,589.1,
08-10-2020,1wall 6targets small,668.6,
08-10-2020,1wall 1target,95.6,
08-10-2020,1wall 1target,98.3,
08-10-2020,Tile Frenzy 180,96.4,
08-10-2020,Tile Frenzy 180,117,
08-10-2020,Tile Frenzy 180,116,
08-10-2020,Tile Frenzy - Strafing - 03,60.2,
08-10-2020,Tile Frenzy - Strafing - 03,67.5,
08-10-2020,Tile Frenzy - Strafing - 03,64.7,
08-10-2020,1 wall 6 targets small 5 minutes,2697.7,
08-10-2020,Ascended Tracking 90,7044.4,
08-10-2020,Ascended Tracking 90,6751.6,
08-10-2020,Bounce 180,23.4,
08-10-2020,Bounce 180,39.7,
08-10-2020,Apex Legends Tracking by Aveeux,16065,
08-10-2020,Apex Legends Tracking by Aveeux,13905,
08-10-2020,Wide Wall 6Targets,68.8,
08-10-2020,Wide Wall 6Targets,75.7,
08-10-2020,Popcorn Goated Tracking,376,
08-10-2020,Popcorn Goated Tracking,482,
08-10-2020,Reflex Flick - Easy,2892.9,
08-10-2020,Reflex Flick - Easy,3201.4,
08-13-2020,1 wall 6 targets small 5 minutes,3089.7,
08-13-2020,Ascended Tracking 90,5970.3,switched sensitivity to 1.5
08-13-2020,Ascended Tracking 90,7261.9,
08-13-2020,Bounce 180,28.9,
08-13-2020,Bounce 180,19.2,
08-13-2020,Apex Legends Tracking by Aveeux,13230,
08-13-2020,Apex Legends Tracking by Aveeux,11610,
08-13-2020,Wide Wall 6Targets,83.4,
08-13-2020,Wide Wall 6Targets,83.3,
08-13-2020,Popcorn Goated Tracking,406,
08-13-2020,Popcorn Goated Tracking,431,
08-13-2020,Reflex Flick - Easy,2414.3,
08-13-2020,Reflex Flick - Easy,21982.3,
08-14-2020,Tile Frenzy Flick,1932,
08-14-2020,Tile Frenzy Flick,1872,
08-14-2020,patTargetSwitch easy,6070,
08-14-2020,patTargetSwitch easy,6070,
08-14-2020,patTargetSwitch easy,6040,
08-14-2020,Target Switching 360,10978,
08-14-2020,Target Switching 360,10808,
08-14-2020,Target Switching 360,10836,
08-14-2020,Bounce 180 Tracking Large,32,
08-14-2020,Bounce 180 Tracking Large,33,
08-14-2020,Bounce 180 Tracking Large,38,
08-14-2020,Popcorn Goated Tracking Easy Invincible,803,
08-14-2020,Popcorn Goated Tracking Easy Invincible,717,
08-14-2020,Popcorn Goated Tracking Easy Invincible,821,
08-14-2020,Adjust to track,8765,
08-14-2020,1 wall 6 targets small 5 minutes,3037.1,
08-14-2020,Wide Wall 6Targets,88.4,
08-14-2020,Thin Gauntlet,793.7,
08-14-2020,Popcorn Goated Tracking,464,
08-14-2020,Air Dodge,11.7,
08-14-2020,Vertical Hand Warmup,1026.7,
08-14-2020,Apex Legends Tracking by Aveeux,14580,
08-15-2020,gp 1 invincible,4149.2,
08-15-2020,gp 1 invincible,3639.4,
08-15-2020,gp 1 invincible,4192.3,
08-15-2020,Close Fast Strafes Easy Invincible,7146,
08-15-2020,Close Fast Strafes Easy Invincible,7362,
08-15-2020,Close Fast Strafes Easy Invincible,6822,
08-15-2020,Ascended Tracking 90 Small,6026.8,
08-15-2020,Ascended Tracking 90 Small,6041.9,
08-15-2020,Ascended Tracking 90 Small,6796.2,
08-15-2020,Thin Aiming Long,1263,
08-15-2020,Thin Aiming Long,1310,
08-15-2020,Thin Aiming Long,1157,
08-15-2020,Thin Aiming Long,1328,
08-15-2020,air far long strafes,3182,
08-15-2020,air far long strafes,2894,
08-15-2020,air far long strafes,3000,
08-15-2020,air far long strafes,3000,
08-15-2020,1 wall 6 targets small 5 minutes,3014.9,
08-15-2020,Ascended Tracking 90,6415.1,
08-15-2020,Ascended Tracking 90,6590.6,
08-15-2020,Bounce 180,29.4,
08-15-2020,Bounce 180,26,
08-15-2020,Apex Legends Tracking by Aveeux,13095,
08-15-2020,Apex Legends Tracking by Aveeux,13635,
08-15-2020,Wide Wall 6Targets,87.4,
08-15-2020,Wide Wall 6Targets,81.4,
08-15-2020,Popcorn Goated Tracking,396,
08-15-2020,Popcorn Goated Tracking,405,
08-15-2020,Reflex Flick - Easy,2626.6,
08-15-2020,Reflex Flick - Easy,2889.6,
08-16-2020,Pasu Dodge Easy,150000,
08-16-2020,Pasu Dodge Easy,153000,
08-16-2020,Pasu Dodge Easy,141000,
08-16-2020,1wall 6targets small,646.3,
08-16-2020,1wall 6targets small,625,
08-16-2020,Bounce 180,21.8,
08-16-2020,Bounce 180,34.9,
08-16-2020,Bounce 180,23.2,
08-16-2020,Tile Frenzy 180 Strafing,95.7,
08-16-2020,Tile Frenzy 180 Strafing,98.4,
08-16-2020,1wall2targets_smallfliscks 60s,843.1,
08-16-2020,1wall2targets_smallfliscks 60s,855.6,
08-16-2020,Pressure Aiming - 7 Targets,2555.7,
08-16-2020,Adjust to track,9261.2,
08-16-2020,1 wall 6 targets small 5 minutes,3159.5,
08-16-2020,Wide Wall 6Targets,77.7,
08-16-2020,Thin Gauntlet,800.6,
08-16-2020,Popcorn Goated Tracking,393,
08-16-2020,Air Dodge,13.5,
08-16-2020,Vertical Hand Warmup,1135.4,
08-16-2020,Apex Legends Tracking by Aveeux,13500,
08-21-2020,1wall6targets TE,104,
08-21-2020,1wall6targets TE,97.8,
08-21-2020,1wall5targets_pasu,23.4,
08-21-2020,1wall5targets_pasu,39.1,
08-21-2020,1wall5targets_pasu,41.3,
08-21-2020,1wall 6targets small,586.2,
08-21-2020,1wall 6targets small,638.1,
08-21-2020,1wall 1target,83.6,
08-21-2020,1wall 1target,81.6,
08-21-2020,Tile Frenzy 180,109.4,
08-21-2020,Tile Frenzy 180,129.4,
08-21-2020,Tile Frenzy 180,109,
08-21-2020,Tile Frenzy - Strafing - 03,54.1,
08-21-2020,Tile Frenzy - Strafing - 03,62.5,
08-21-2020,Tile Frenzy - Strafing - 03,60.2,
08-21-2020,1 wall 6 targets small 5 minutes,3327.4,
08-21-2020,Ascended Tracking 90,7131.3,
08-21-2020,Ascended Tracking 90,6976.4,
08-21-2020,Bounce 180,30.1,
08-21-2020,Bounce 180,26.3,
08-21-2020,Apex Legends Tracking by Aveeux,12690,
08-21-2020,Apex Legends Tracking by Aveeux,11475,
08-21-2020,Wide Wall 6Targets,72,
08-21-2020,Wide Wall 6Targets,82.7,
08-21-2020,Popcorn Goated Tracking,420,
08-21-2020,Popcorn Goated Tracking,433,
08-21-2020,Reflex Flick - Easy,2461,
08-21-2020,Reflex Flick - Easy,2759.7,
08-22-2020,Cata IC Long Strafes,2981.4,
08-22-2020,Cata IC Long Strafes,3042.8,
08-22-2020,Cata IC Long Strafes,3207,
08-22-2020,gp far long strafes,3949.7,
08-22-2020,gp far long strafes,3741.1,
08-22-2020,gp far long strafes,3895,
08-22-2020,Ascended Tracking 90,6229.7,
08-22-2020,Ascended Tracking 90,6695,
08-22-2020,Ascended Tracking 90,5565.6,
08-22-2020,Vertical Long Strafes,11394,
08-22-2020,Vertical Long Strafes,9972,
08-22-2020,Vertical Long Strafes,10188,
08-22-2020,fuglaaXYLongstrafes,356,
08-22-2020,fuglaaXYLongstrafes,379,
08-22-2020,fuglaaXYLongstrafes,368,
08-22-2020,Cata IC Long Strafes,2909.1,
08-22-2020,Apex Legends Tracking by Aveeux,13365,
08-22-2020,1wall5targets_pasu,41.1,
08-22-2020,Bounce 180 Tracking Large,32,
08-22-2020,Reflex Flick - Easy,2461.5,
08-22-2020,1wall 6targets small,570.9,
08-22-2020,pasu Dodge ES 180,20288,
08-23-2020,1wall6targets TE,90.1,
08-23-2020,1wall6targets TE,107.1,
08-23-2020,1wall6targets TE,95.3,
08-23-2020,Tile Frenzy,79.8,
08-23-2020,Tile Frenzy,95.2,
08-23-2020,Tile Frenzy,85,
08-23-2020,Tile Frenzy,95.3,
08-23-2020,Reflex Flick - Easy,2509,
08-23-2020,Reflex Flick - Easy,3201.4,
08-23-2020,Reflex Flick - Easy,3201.4,
08-23-2020,Tile Frenzy Mini,81.4,
08-23-2020,Tile Frenzy Mini,86.3,
08-23-2020,Tile Frenzy Mini,91.9,
08-23-2020,Tile Frenzy Mini,86.5,
08-23-2020,Tile Frenzy Strafing - 01,70.8,
08-23-2020,Tile Frenzy Strafing - 01,69.3,
08-23-2020,Tile Frenzy Strafing - 01,64.3,
08-23-2020,Tile Frenzy Strafing - 01,62.5,
08-23-2020,Cata IC Long Strafes,2871.4,
08-23-2020,Apex Legends Tracking by Aveeux,11610,
08-23-2020,1wall5targets_pasu,43.3,
08-23-2020,Bounce 180 Tracking Large,30,
08-23-2020,Reflex Flick - Easy,2933.3,
08-23-2020,1wall 6targets small,602.8,
08-23-2020,pasu Dodge ES 180,18989,